Code9,name,lat,lon,elev
AIRO9,Airole,43.87309,7.54434,103.0
RONE9,Rocchetta Nervina,43.88859,7.60177,215.0
VENT9,Ventimiglia,43.78777,7.61211,9.0
COBE9,Colle Belenda,43.98152,7.69983,1357.0
SARE9,Sanremo - Casino ,43.81484,7.77634,9.0
CONA9,Colle di Nava,44.08325,7.87331,930.0
DLCD9,Dolcedo,43.90674,7.95115,77.0
BSTG9,Bestagno,43.9341,8.00035,300.0
IMPE9,Imperia - Oss. Meteosismico,43.87957,8.01652,60.0
CAST9,Castelvecchio di R. B.,44.12951,8.11853,435.0
VLMU9,Valle Murialdo,44.30681,8.12143,565.0
ALSS9,Alassio,44.00624,8.1693,10.0
ISOL9,Isolabella,44.06866,8.17985,40.0
ALBG9,Albenga,44.04899,8.21262,5.0
CAIR9,Cairo Montenotte,44.38331,8.27494,342.0
CLGR9,Calice Ligure,44.2031,8.29344,60.0
MANI9,Le Manie,44.19866,8.37656,297.0
ELLE9,Ellera Ligure,44.36218,8.46848,78.0
SVIN9,Savona - Istituto Nautico,44.3062,8.48305,38.0
PLDO9,Piampaludo,44.46181,8.58278,876.0
FRNO9,Fiorino,44.46494,8.70493,290.0
MEL29,Mele,44.47419,8.73312,270.0
MAGZ9,Madonna delle Grazie,44.43429,8.74155,145.0
ISVD9,Isoverde,44.53013,8.85822,270.0
UNIV9,Genova - Universita ,44.41561,8.92708,21.0
MGNG9,Mignanego,44.53978,8.93975,270.0
BSLL9,Busalla,44.5697,8.94892,362.0
MOCA9,Monte Cappellino,44.55062,8.95687,655.0
CROC9,Crocetta di Orero,44.52014,8.98586,470.0
VIG29,Viganego,44.42855,9.06338,430.0
BRUG9,Brugneto Diga,44.53634,9.20492,812.0
ROGN9,Rovegno,44.57594,9.2825,660.0
LCAR9,Loco Carchelli,44.55604,9.28601,600.0
CCHE9,Cichero,44.41704,9.32118,480.0
CHIV9,Chiavari,44.31528,9.32333,5.0
CABA9,Cabanne,44.48333,9.35222,812.0
GPIA9,Giacopiane,44.46268,9.39525,1009.0
SSAT9,S. Stefano d Aveto,44.54724,9.45159,1017.0
STAT9,Statale,44.34761,9.48235,570.0
TVNE9,Tavarone,44.31274,9.54859,603.0
VALI9,Varese Ligure,44.38425,9.58135,386.0
LNTO9,Levanto,44.17346,9.61578,6.0
MTRN9,Mattarana,44.24501,9.6151,485.0
SMVA9,S. Margherita Vara,44.2747,9.65964,180.0
SZGN9,Sero  di Zignago,44.26434,9.73698,580.0
RICC9,Ricco' del Golfo,44.15261,9.76264,143.0
VPAD9,Padivarma,44.19934,9.77326,90.0
FOSP9,La Foce,44.12485,9.78808,245.0
SPZA9,La Spezia,44.10703,9.82819,35.0
PORT9,Portovenere,44.05215,9.83414,201.0
CCOR9,Calice al Cornoviglio,44.24392,9.83881,430.0
SRZN9,Sarzana,44.11378,9.964,26.0
