Code,name,lat,lon,elev
AIROL,Airole,43.87296,7.54484,103.0
ROCNE,Rocchetta Nervina,43.88859,7.60177,215.0
XXMIG,Ventimiglia,43.78777,7.61211,21.0
BELEN,Colle Belenda,43.98152,7.69983,1357.0
SREMO,Sanremo,43.82265,7.78625,61.0
CNAVA,Colle di Nava,44.08325,7.87331,927.0
DOLCE,Dolcedo,43.9059,7.9515,77.0
BESTA,Bestagno,43.9333,8.0007,281.0
IMPER,Imperia - Oss. Meteosismico,43.87957,8.01652,71.0
CASRB,Castelvecchio di R. B.,44.13202,8.11888,432.0
MURIA,Murialdo,44.31321,8.15981,523.0
ALASS,Alassio,44.00624,8.1693,25.0
ISBLL,Albenga - Isolabella,44.06875,8.17956,36.0
MOBRA,Albenga - Molino Branca,44.04882,8.21077,6.0
CAIRM,Cairo Montenotte,44.40234,8.27224,388.0
CALGR,Calice Ligure - Ca Rosse,44.19573,8.30205,50.0
MANIE,Manie,44.19325,8.37883,340.0
ELLRA,Ellera - Foglietto,44.36638,8.4667,80.0
INASV,Savona - Istituto Nautico,44.3062,8.48305,24.0
PIAMP,Piampaludo,44.4623,8.58092,882.0
FIORI,Fiorino,44.46494,8.70493,290.0
MELEE,Mele,44.47419,8.73312,270.0
MADGR,Madonna delle Grazie,44.43344,8.74299,104.0
ISOVE,Isoverde,44.53013,8.85822,300.0
UNIGE,Genova - Universita',44.41561,8.92708,21.0
MIGNA,Mignanego,44.54028,8.93816,270.0
BUSAL,Busalla,44.57129,8.94892,358.0
MTECA,Monte Cappellino,44.54856,8.95422,620.0
CRORE,Crocetta di Orero,44.52014,8.98586,470.0
VIGAN,Viganego,44.42846,9.06348,430.0
BRUGN,Brugneto Diga,44.53635,9.20544,777.0
ROVEG,Rovegno,44.57722,9.28306,650.0
LOCOC,Loco Carchelli,44.55421,9.28421,600.0
CCHER,Cichero,44.42107,9.32194,615.0
CHIRI,Chiavari,44.31885,9.32978,50.0
CABAN,Cabanne,44.4952,9.34647,809.0
LGIAC,Giacopiane - Diga,44.46268,9.39525,1007.0
SSTAV,S. Stefano d'Aveto,44.54886,9.45118,1019.0
STALE,Statale,44.35048,9.48082,593.0
TAVRN,Tavarone,44.31274,9.54859,603.0
VALIG,Varese Ligure,44.38313,9.5842,345.0
LEVAN,Levanto,44.17143,9.60677,6.0
MATRA,Mattarana,44.24499,9.61474,470.0
SMVAR,S. Margherita Vara,44.2747,9.65964,180.0
SZIGN,Sero' di Zignago,44.26434,9.73698,580.0
RICCO,Ricco' del Golfo,44.15319,9.76373,150.0
PDVRM,Padivarma,44.19514,9.77099,75.0
LFMTV,La Foce - Mte Viseggi,44.13254,9.7903,350.0
SPZIA,La Spezia,44.10703,9.82819,35.0
PVENE,Portovenere - Comune,44.052,9.83594,40.0
CCORM,Calice al C. - Molunghi,44.24894,9.83869,425.0
SRZAN,Sarzana,44.11227,9.96546,26.0
