,perc_25,perc_75,media
2025-06-30,26.085181808471702,26.423900222778343,26.248754730224608
2025-07-01,25.880004501342796,26.438470458984398,26.13313980102539
2025-07-02,25.357089614868187,26.014566040039085,25.67712722778321
2025-07-03,25.45895919799807,26.017198181152366,25.71175613403321
2025-07-04,25.181815719604515,25.96443138122561,25.617362976074222
2025-07-05,23.84518203735354,25.10140953063967,24.381936035156258
2025-07-06,22.385272598266624,23.85515174865725,22.989475555419936
2025-07-07,20.68641624450686,23.433906173706077,21.875402679443376
2025-07-08,20.460229492187523,22.70162925720217,21.533250885009785
2025-07-09,20.4433475494385,22.61091766357424,21.586212005615252
2025-07-10,20.529952621459984,22.48210487365725,21.46732894897463
2025-07-11,20.373284912109398,22.58197937011721,21.47271362304689
2025-07-12,20.43599090576174,22.758046722412132,21.66469879150392
2025-07-13,20.752059555053734,22.782477951049827,21.82265014648439
2025-07-14,21.077973937988304,23.405185317993187,22.172290191650404
2025-07-15,17.76819000244143,19.98811492919924,18.97615173339846
