,5 min,10 min,30 min,1 h,3 h,6 h,12 h,24 h,Nome
AGORR,nan,23.4,40.199999999999996,45.800000000000004,85.79999999999998,124.99999999999999,125.6,136.20000000000002,Alpe Gorreto
AIROL,13.6,21.6,40.0,48.8,67.39999999999999,74.4,85.6,87.2,Airole
ALASS,11.8,21.0,33.6,43.6,51.00000000000001,74.0,97.2,98.4,Alassio
ALPIC,13.6,24.6,53.8,77.4,90.6,99.39999999999999,100.0,100.2,Alpicella
ALTOM,7.2,12.400000000000002,25.599999999999998,45.2,56.0,63.800000000000004,80.4,114.60000000000001,Alto - Madonna del lago
AMBOR,13.4,22.000000000000007,44.0,47.4,83.8,118.8,120.2,193.20000000000002,Amborzasco
AVOBB,nan,14.0,24.599999999999998,35.0,64.8,101.0,101.0,101.6,Alpe Vobbia
BARGO,7.8,15.200000000000003,27.999999999999996,32.800000000000004,58.2,87.19999999999999,127.4,129.8,Bargone
BELEN,6.4,12.000000000000002,27.0,39.0,46.60000000000001,54.2,67.2,89.4,Colle Belenda
BESTA,8.6,15.599999999999998,26.400000000000002,28.800000000000004,42.2,61.599999999999994,80.60000000000001,82.4,Bestagno
BMARO,5.2,7.600000000000001,14.799999999999999,20.6,41.4,60.6,75.4,107.6,Borgomaro
BOLSN,8.8,15.600000000000005,42.0,51.599999999999994,65.8,72.0,75.6,75.6,Bolsine
BONUO,8.2,15.0,24.0,25.0,36.2,46.8,51.400000000000006,85.80000000000001,Borgonuovo
BOROS,nan,15.4,27.4,42.60000000000001,69.8,86.6,105.8,150.8,Bosco di Rossano
BRATT,nan,20.4,35.60000000000001,46.2,68.4,80.8,97.2,159.0,Passo del Brattello
BRGEL,nan,26.8,55.0,86.2,160.2,168.2,168.2,202.0,Barbagelata
BRUGN,nan,17.6,33.2,44.6,107.80000000000001,131.4,132.20000000000002,156.8,Brugneto Diga
BRZON,12.0,18.000000000000004,29.0,37.400000000000006,68.0,75.6,121.8,187.0,Borzone
BUSAL,nan,21.9,44.599999999999994,60.400000000000006,89.2,110.7,110.69999999999999,114.8,Busalla
CABAN,nan,26.4,56.599999999999994,84.59999999999998,200.0,213.79999999999998,214.6,214.79999999999998,Cabanne
CAIRM,nan,20.8,52.2,96.60000000000001,171.60000000000002,193.20000000000002,213.0,213.0,Cairo Montenotte
CALGR,12.6,23.4,52.800000000000004,93.60000000000001,192.0,220.8,222.2,222.4,Calice Ligure - Ca Rosse
CALIZ,nan,7.0,13.8,26.0,65.6,100.80000000000001,123.8,167.4,Calizzano
CAMOG,11.0,18.799999999999994,43.4,61.599999999999994,71.8,71.8,96.39999999999999,121.0,Camogli
CAMPL,11.0,18.600000000000005,45.599999999999994,69.0,126.8,194.6,202.2,202.2,Campo Ligure
CARPG,7.8,13.600000000000001,28.2,33.0,72.60000000000001,124.4,152.60000000000002,181.6,Carpe - Case Garoni
CARRO,9.2,16.800000000000004,27.599999999999994,34.8,78.6,87.2,95.2,128.8,Carro
CASON,9.4,16.2,37.8,44.8,48.599999999999994,55.199999999999996,65.0,82.4,Casoni di Suvero
CASRB,11.8,19.0,34.199999999999996,51.8,63.8,74.4,87.19999999999999,127.80000000000001,Castelvecchio di R. B.
CAVIP,9.4,17.0,24.0,31.8,40.599999999999994,43.0,68.80000000000001,89.0,Cavi di Lavagna
CCADB,14.2,24.800000000000004,58.6,90.39999999999999,131.6,144.0,144.8,144.8,Colle di Cadibona
CCHER,11.0,19.6,48.6,84.4,135.2,151.20000000000002,163.4,272.8,Cichero
CCORM,9.0,13.599999999999998,29.0,34.6,60.99999999999999,77.2,89.0,123.2,Calice al C. - Molunghi
CEMBR,11.6,15.999999999999996,43.99999999999999,61.8,85.39999999999999,90.0,97.8,123.0,Cembrano
CENES,8.8,12.200000000000001,25.8,29.599999999999998,52.6,63.0,66.2,68.4,Cenesi
CERPG,8.6,12.8,22.400000000000002,30.6,54.00000000000001,70.60000000000001,84.4,120.60000000000001,Passo Ghimbegna
CFUNZ,8.8,15.200000000000001,35.6,48.2,57.0,78.8,94.0,112.6,Genova - Centro Funzionale
CHIRI,11.0,20.400000000000002,33.8,62.6,69.4,78.60000000000001,98.2,107.4,Chiavari
CLARI,9.6,16.400000000000002,37.400000000000006,52.2,67.4,85.8,88.8,88.8,Castellari
CLROS,5.2,10.0,22.2,30.599999999999998,51.39999999999999,54.8,54.8,66.00000000000001,Colla Rossa
CMELO,12.8,24.000000000000004,57.599999999999994,88.0,157.79999999999998,184.20000000000002,192.20000000000002,193.8,Colle del Melogno
CNAVA,8.4,13.800000000000002,30.8,35.4,38.4,49.00000000000001,65.4,100.2,Colle di Nava
CODOG,5.4,7.799999999999999,14.8,25.200000000000003,42.6,62.2,83.39999999999999,121.0,Colle D'Oggia
COMAN,10.4,17.199999999999996,32.4,35.199999999999996,47.199999999999996,61.2,69.39999999999999,106.2,Comano
CONNA,7.4,12.600000000000001,19.2,20.0,39.199999999999996,64.2,97.0,98.0,Conna
CRAIN,12.6,20.599999999999998,31.8,32.8,47.8,60.6,104.0,105.6,Cipressa
CRCFI,8.8,14.800000000000002,27.200000000000006,32.6,45.0,69.6,76.2,88.0,Crocefieschi - Santuario
CRETO,13.6,17.199999999999996,33.4,49.6,75.0,75.19999999999999,86.8,109.60000000000001,Creto
CRNLO,10.6,18.200000000000003,35.0,39.8,49.6,67.8,77.19999999999999,77.8,Corniolo
CRORE,11.0,19.0,31.4,41.0,55.4,76.2,98.80000000000001,120.6,Crocetta di Orero
CSMAG,11.4,20.6,52.4,68.4,74.8,76.4,76.8,112.0,Castelnuovo Magra
CUCCA,13.8,23.600000000000005,42.2,57.400000000000006,67.2,89.2,150.39999999999998,218.79999999999998,Cuccarello
DAVAG,15.8,29.0,44.2,68.4,108.0,119.4,119.6,142.4,Davagna
DCAVV,6.8,12.999999999999998,21.0,29.0,43.6,66.39999999999999,114.0,116.6,Diano Castello - Varcavello
DEGIR,13.6,25.799999999999997,63.6,111.4,228.8,361.6,422.2,422.2,Dego - Girini
DOLCE,6.6,9.000000000000002,17.4,29.0,48.0,66.80000000000001,78.8,106.0,Dolcedo
ELLRA,17.6,31.6,78.80000000000001,111.60000000000001,132.2,137.6,139.0,139.20000000000002,Ellera - Foglietto
EQUIT,nan,21.0,36.0,47.4,58.599999999999994,72.2,80.19999999999999,114.4,Equi Terme
FALLA,15.8,23.400000000000002,40.4,67.8,111.6,148.0,148.0,148.2,Fallarosa
FERRA,11.8,22.999999999999996,56.400000000000006,99.4,165.6,221.6,281.8,281.8,Ferrania
FFRES,8.4,15.600000000000001,29.0,48.599999999999994,67.8,83.19999999999999,94.8,100.0,Fontana Fresca
FIORI,16.2,30.6,72.0,93.4,110.0,121.2,159.20000000000002,160.4,Fiorino
FRAMU,5.4,7.400000000000002,15.2,18.800000000000004,30.0,47.800000000000004,64.2,64.6,Framura
GEBOL,14.6,23.400000000000002,47.8,72.6,99.0,102.6,135.8,135.8,Genova - Bolzaneto
GEPEG,10.4,19.4,48.0,67.2,107.0,107.0,152.0,152.2,Genova - Pegli
GEPTX,13.2,23.6,49.2,75.6,103.0,118.2,135.0,135.2,Genova - Pontedecimo
GEQUE,13.4,25.600000000000005,49.8,66.8,74.0,80.4,97.80000000000001,119.2,Genova - Quezzi
GIACO,16.2,24.800000000000004,39.199999999999996,52.199999999999996,100.4,140.2,140.20000000000002,140.4,Giacopiane - Lago
GOUTA,5.4,7.8000000000000025,17.4,25.200000000000003,47.6,55.0,69.0,88.2,Sella di Gouta
IMPER,6.8,12.2,22.0,28.400000000000002,44.6,54.2,84.6,86.2,Imperia - Oss. Meteosismico
INASV,10.2,18.6,48.4,63.4,82.4,83.4,83.4,94.2,Savona - Istituto Nautico
ISBLL,8.8,14.800000000000004,25.200000000000003,30.599999999999998,59.0,71.80000000000001,88.0,88.6,Albenga - Isolabella
ISOVE,13.0,21.799999999999997,44.599999999999994,76.39999999999999,143.20000000000002,165.2,194.6,194.8,Isoverde
LAVAG,14.4,22.400000000000002,36.800000000000004,48.4,61.800000000000004,64.8,91.8,119.8,Lavagnola
LERCA,12.2,19.2,39.0,42.6,54.4,66.60000000000001,95.2,96.8,Lerca
LEVAN,5.8,10.199999999999998,20.8,23.400000000000002,39.4,44.0,53.4,64.4,Levanto
LFMTV,11.6,21.4,36.6,41.8,52.8,79.0,96.2,99.8,La Foce - Mte Viseggi
LGIAC,16.4,26.200000000000003,43.2,57.199999999999996,98.6,142.6,142.6,200.8,Giacopiane - Diga
LICCN,8.6,11.600000000000001,22.0,31.000000000000004,38.8,55.6,60.4,95.00000000000001,Licciana Nardi
LOCOC,13.0,19.800000000000004,40.800000000000004,53.400000000000006,132.4,179.8,180.0,180.2,Loco Carchelli
LUNIS,11.6,22.6,44.0,65.8,77.8,83.4,93.60000000000001,110.60000000000001,Luni - Provasco
LVTSG,7.4,10.399999999999999,19.6,27.0,39.0,51.800000000000004,53.4,66.4,Levanto - San Gottardo
MADGR,15.8,28.600000000000005,58.0,87.60000000000001,143.60000000000002,149.0,184.8,187.2,Madonna delle Grazie
MANIE,8.2,14.200000000000003,28.8,44.6,50.400000000000006,58.0,72.0,72.2,Manie
MARIN,14.4,18.800000000000004,39.599999999999994,53.199999999999996,87.2,91.0,92.0,103.4,Marinella di Sarzana
MATRA,12.6,20.0,39.4,60.599999999999994,98.60000000000001,101.8,101.8,105.60000000000001,Mattarana
MAZLA,nan,20.4,29.200000000000003,36.400000000000006,42.400000000000006,46.6,56.6,85.0,Mazzola
MELEE,14.2,27.6,79.6,130.8,167.6,184.0,222.2,223.0,Mele
MGAZZ,13.2,24.200000000000003,58.8,86.19999999999999,121.8,121.8,146.4,146.6,Santuario Monte Gazzo
MIGNA,12.6,23.200000000000003,45.0,71.0,106.0,131.6,136.0,137.4,Mignanego
MLARE,nan,20.8,56.400000000000006,80.4,99.0,122.8,140.0,148.2,Mallare
MMAUR,10.2,14.2,17.8,18.8,26.799999999999997,34.6,41.6,58.2,Monte Maure
MNINF,nan,36.2,49.400000000000006,67.39999999999999,156.8,175.4,175.4,175.4,Montenotte Inferiore
MOBRA,9.0,14.2,26.4,30.4,46.8,65.2,86.0,86.4,Albenga - Molino Branca
MONTA,13.8,27.6,66.0,101.4,150.4,177.8,178.0,178.0,Montagna
MONTG,14.0,18.6,36.6,58.4,100.0,121.2,123.2,146.6,Montoggio
MOPEN,13.8,23.400000000000002,64.0,111.8,182.39999999999998,200.8,228.0,232.6,Monte Pennello
MROCC,9.8,18.4,46.800000000000004,65.0,73.8,76.0,76.2,86.80000000000001,Monte Rocchetta
MROSS,8.2,15.600000000000005,27.2,30.2,57.0,61.4,68.8,78.39999999999999,Monterosso
MSETT,nan,22.7,53.900000000000006,73.9,135.0,200.3,235.9,245.0,Monte Settepani
MTECA,10.8,18.4,34.6,56.4,89.6,113.6,123.2,125.0,Monte Cappellino
MTPOR,11.6,22.0,42.199999999999996,51.800000000000004,79.8,81.6,90.60000000000001,120.8,Monte Portofino
MURIA,nan,13.6,22.8,33.0,43.2,61.8,87.4,115.00000000000001,Murialdo
NOVGA,nan,23.8,37.400000000000006,50.400000000000006,58.6,74.8,131.4,142.4,Novegigola
OGNIO,15.0,28.6,62.2,90.8,129.6,138.6,142.20000000000002,199.0,Ognio
ONZPO,7.4,10.200000000000001,22.799999999999997,27.4,53.2,71.6,83.4,110.4,Onzo - Ponterotto
ORERO,18.2,32.8,83.0,146.6,211.6,213.6,213.6,213.6,Croce Orero
OSIGL,nan,10.2,20.400000000000002,34.199999999999996,76.2,107.0,116.19999999999999,134.4,Osiglia
PARAN,nan,20.6,30.200000000000014,50.6,97.2,117.8,160.6,219.20000000000002,Parana
PCERR,11.0,19.800000000000004,34.400000000000006,37.400000000000006,45.6,65.8,93.39999999999999,104.60000000000001,Passo del Cerreto
PDVRM,9.2,17.0,26.800000000000004,33.0,47.6,55.2,72.4,90.0,Padivarma
PFEAR,6.2,9.0,12.399999999999999,20.8,41.4,51.4,74.60000000000001,114.00000000000001,Poggio Fearza
PIAMP,nan,31.8,55.8,84.4,90.6,110.2,117.6,144.6,Piampaludo
PIGNA,4.6,7.400000000000004,15.0,22.400000000000006,34.0,43.2,53.2,92.00000000000001,Pigna
PIGNO,15.0,26.4,41.0,57.4,57.8,64.0,78.2,97.60000000000001,Casale di Pignone
PNTCA,nan,14.6,27.599999999999998,45.2,69.8,85.8,95.6,112.60000000000001,Pontremoli - La Costa
PNTRM,nan,15.3,27.800000000000004,45.199999999999996,69.4,87.5,96.0,125.2,Pontremoli Depuratore
PORNA,10.0,19.400000000000006,52.0,76.80000000000001,116.0,116.6,116.60000000000001,116.6,Pornassio
PPICC,9.0,15.800000000000004,33.0,44.6,57.4,74.8,89.2,123.60000000000001,Pietra Piccata
PRAIC,15.0,20.6,44.2,72.39999999999999,90.2,140.4,146.4,146.4,Prai
PREMA,19.4,36.2,62.0,81.0,108.39999999999999,108.39999999999999,108.4,108.39999999999999,Premanico
PRMLO,11.8,16.000000000000004,30.199999999999996,45.8,93.8,128.6,137.0,179.6,Pratomollo
PRTTI,16.4,26.200000000000006,62.8,102.2,127.39999999999999,130.4,160.6,234.0,Pian dei Ratti
PTECO,10.2,19.799999999999997,43.6,55.2,82.19999999999999,83.2,83.2,117.2,Pieve di Teco
PTURC,13.0,25.0,68.8,112.4,143.39999999999998,159.60000000000002,192.0,194.0,Passo del Turchino
PVENE,15.8,31.000000000000004,57.400000000000006,63.599999999999994,77.6,78.0,78.0,81.8,Portovenere - Comune
PZGLI,5.2,9.8,15.200000000000001,25.8,40.4,48.6,62.6,95.60000000000001,Pizzeglio
RANZO,6.8,12.799999999999999,27.0,35.8,42.6,53.4,66.2,93.60000000000001,Ranzo
RAPAL,10.6,18.6,38.4,58.199999999999996,59.6,68.2,113.8,151.4,Rapallo
REPPI,14.6,24.400000000000002,57.8,76.0,84.4,96.6,117.60000000000001,160.0,Reppia
RICCO,14.2,24.800000000000004,48.0,62.8,69.0,72.2,92.00000000000001,108.6,Ricco' del Golfo
RIGHI,12.6,18.200000000000003,31.6,40.400000000000006,64.0,80.6,99.2,121.00000000000001,Genova - Castellaccio
ROCNE,5.4,9.800000000000002,17.599999999999998,22.4,27.4,42.800000000000004,53.0,85.2,Rocchetta Nervina
ROSGL,nan,23.2,48.400000000000006,73.0,176.0,266.8,272.8,274.4,Rossiglione
ROVEG,nan,20.0,39.0,54.2,128.2,167.4,168.6,168.6,Rovegno
SALBE,15.4,23.4,60.6,110.4,136.0,136.4,136.4,202.2,Bargagli
SANDA,11.6,21.0,35.0,40.0,42.400000000000006,51.2,67.4,83.2,Sanda
SANTU,15.8,30.40000000000001,69.4,92.0,116.4,133.4,138.0,138.0,Santuario di Savona
SASSL,nan,17.0,37.400000000000006,52.8,90.19999999999999,158.0,185.0,185.0,Sassello
SCIAR,16.0,30.0,59.2,63.599999999999994,67.6,67.60000000000001,88.0,97.80000000000001,Sciarborasca
SCURT,11.4,22.0,28.599999999999998,47.6,95.4,105.8,145.8,176.0,Scurtabo'
SEBOR,6.0,9.8,18.6,27.799999999999997,45.199999999999996,58.199999999999996,65.8,92.6,Seborga
SEGIA,19.0,28.6,42.0,64.2,114.8,127.39999999999999,136.60000000000002,209.4,Sella Giassina
SEGOD,10.2,17.400000000000002,27.200000000000003,40.8,80.8,83.4,83.4,108.4,Sesta Godano
SMARG,8.0,13.799999999999999,34.4,42.4,63.199999999999996,64.2,71.60000000000001,100.4,S. Margherita Ligure
SMVAR,7.4,12.600000000000001,31.2,49.6,81.8,83.4,85.2,118.0,S. Margherita Vara
SPZIA,7.6,12.400000000000002,26.4,30.599999999999998,47.599999999999994,51.4,66.2,74.60000000000001,La Spezia
SREMO,11.0,19.599999999999998,25.0,28.0,35.6,37.6,45.6,74.8,Sanremo
SRZAN,14.8,24.800000000000004,47.400000000000006,51.4,64.0,69.2,70.8,87.00000000000001,Sarzana
SSGIU,13.0,23.400000000000002,48.4,75.6,101.8,116.2,119.0,119.0,Stella S. Giustina
SSTAV,nan,16.8,34.2,47.800000000000004,62.6,85.60000000000001,97.2,99.4,S. Stefano d'Aveto
STALE,12.6,20.60000000000001,53.2,80.19999999999999,123.8,127.4,161.60000000000002,185.6,Statale
STILA,21.0,30.6,54.2,68.19999999999999,70.8,71.0,90.8,125.4,Genova - S.Ilario
SZIGN,7.2,11.8,25.4,39.8,50.199999999999996,52.4,70.4,88.4,Sero' di Zignago
TAGLT,14.6,24.4,52.2,61.8,103.19999999999999,112.6,113.8,119.60000000000001,Taglieto
TASNI,9.2,14.600000000000001,26.0,28.2,39.4,56.2,85.2,88.0,Tassani
TAVRN,11.2,18.200000000000003,25.199999999999996,35.6,55.4,99.39999999999999,147.2,152.2,Tavarone
TESTI,7.0,11.400000000000002,22.8,28.2,43.6,61.2,75.0,104.2,Testico
TNDLA,nan,21.8,30.800000000000004,35.199999999999996,49.6,65.8,102.60000000000001,129.20000000000002,Tendola
TOGAR,16.8,26.800000000000004,48.8,66.0,122.60000000000001,142.2,142.4,142.6,Torriglia - Garaventa
TRIOR,7.4,12.599999999999998,26.6,35.199999999999996,45.8,52.0,68.4,109.2,Triora
TRRIG,nan,21.8,41.2,59.00000000000001,117.4,139.8,139.8,157.4,Torriglia
TURAN,nan,21.6,34.400000000000006,39.8,50.2,54.8,62.0,77.4,Turano
URVAS,12.4,21.8,52.4,71.4,77.4,86.8,100.6,170.2,Urbe - Vara Sup.
VALIG,13.0,22.6,24.0,35.2,67.0,90.6,105.0,108.0,Varese Ligure
VALZE,8.8,9.4,13.2,17.4,35.400000000000006,54.0,82.6,109.0,Valzemola
VBGOR,9.4,13.6,30.4,39.39999999999999,66.0,75.8,90.6,123.6,Valbrevenna - Gorra
VERDE,7.2,13.0,27.8,51.199999999999996,70.8,71.0,75.80000000000001,124.0,Verdeggia
VERZI,8.2,15.600000000000001,28.999999999999996,41.199999999999996,54.599999999999994,61.0,61.4,89.60000000000001,Verzi Loano
VFLUN,nan,21.2,38.8,45.4,60.6,73.2,104.4,112.4,Villafranca Lunigiana
VICOM,11.2,21.200000000000003,31.400000000000002,39.8,54.599999999999994,68.0,98.2,120.8,Vicomorasso
VIGAN,17.6,32.400000000000006,60.0,116.6,129.2,129.4,139.20000000000002,194.6,Viganego
VLFOL,nan,15.0,24.4,37.4,44.2,58.8,88.39999999999999,93.2,Villafranca - Fornoli
VREGI,8.6,16.0,35.0,52.599999999999994,72.6,94.6,118.0,118.4,Valleregia
XXMIG,10.8,17.799999999999997,22.0,24.8,33.6,35.2,43.6,56.400000000000006,Ventimiglia
