,30 min,1 h,3 h,24 h
AGORR,1.25,1.05,0.81,0.38
AIROL,40.72,40.7,40.67,40.64
ALASS,0.12,0.1,0.08,0.03
ALPIC,0.35,0.33,0.31,0.23
AMBOR,70.26,70.26,70.25,70.23
AVOBB,0.64,0.61,0.49,0.16
BARGO,37.73,37.72,37.7,37.65
BELEN,0.59,0.57,0.54,0.5
BESTA,0.12,0.1,0.08,0.04
BMARO,12.5,12.48,12.44,12.28
BOLSN,50.09,50.09,50.09,50.09
BONUO,0.14,0.12,0.1,0.08
BRGEL,1.23,1.03,0.8,0.37
BRUGN,6.1,5.72,5.52,5.07
BRZON,11.12,11.11,11.1,11.04
BUSAL,1.96,1.93,1.82,1.51
CABAN,6.38,6.01,5.81,5.33
CAIRM,1.31,1.21,0.91,0.23
CALGR,25.77,25.76,25.75,25.74
CALIZ,0.46,0.44,0.38,0.18
CAMOG,49.31,49.31,49.29,49.23
CAMPL,23.76,23.75,23.74,23.69
CARPG,63.59,63.59,63.59,63.6
CARRO,35.2,35.19,35.16,35.12
CASON,2.01,1.99,1.96,1.85
CASRB,1.0,0.99,0.97,0.87
CAVIP,5.14,5.12,5.08,4.92
CCADB,0.37,0.34,0.31,0.2
CCHER,7.32,7.3,7.28,7.18
CCORM,10.97,10.96,10.94,10.91
CEMBR,0.65,0.64,0.62,0.51
CENES,0.08,0.06,0.05,0.0
CERPG,0.35,0.33,0.31,0.26
CFUNZ,0.39,0.36,0.33,0.26
CHIRI,49.2,49.19,49.19,49.18
CLARI,0.46,0.44,0.42,0.38
CLROS,37.63,37.61,37.59,37.54
CMELO,0.12,0.1,0.08,0.05
CNAVA,0.37,0.35,0.32,0.23
CODOG,37.32,37.3,37.28,37.21
CONNA,13.23,13.21,13.19,13.16
CRAIN,36.03,36.02,36.0,35.95
CRCFI,67.65,67.65,67.65,67.65
CRETO,0.22,0.2,0.17,0.08
CRNLO,10.22,10.2,10.18,10.09
CRORE,0.1,0.09,0.08,0.03
CSMAM,99.66,99.66,99.66,99.65
CUCCA,7.4,7.38,7.35,7.24
DAVAG,0.38,0.37,0.34,0.17
DCAVV,36.32,36.31,36.28,36.15
DEGIR,70.26,70.26,70.25,70.25
DOLCE,8.6,8.58,8.56,8.5
ELLRA,0.27,0.25,0.22,0.13
FALLA,65.97,65.96,65.96,65.97
FERRA,66.02,66.01,66.0,65.96
FFRES,0.4,0.37,0.33,0.18
FIORI,0.39,0.37,0.34,0.25
FRAMU,35.05,35.02,35.0,34.94
GEBOL,0.18,0.16,0.14,0.09
GEPEG,0.27,0.25,0.23,0.14
GEPTX,1.18,1.16,1.14,1.07
GEQUE,40.48,40.48,40.46,40.44
GIACO,0.59,0.55,0.51,0.42
GOUTA,9.64,9.63,9.61,9.56
IMPER,0.3,0.27,0.23,0.13
INASV,0.1,0.08,0.06,0.03
ISBLL,1.9,1.87,1.85,1.8
ISOVE,0.3,0.29,0.26,0.16
LAVAG,0.23,0.21,0.19,0.14
LERCA,0.2,0.18,0.16,0.09
LEVAN,7.33,7.31,7.29,7.21
LFMTV,26.03,26.02,26.01,26.01
LGIAC,0.97,0.95,0.9,0.7
LOCOC,0.22,0.2,0.18,0.1
LUNIS,33.38,33.36,33.34,33.32
LVTSG,0.29,0.27,0.25,0.21
MADGR,14.08,14.07,14.06,14.04
MANIE,37.26,37.24,37.22,37.17
MARIN,3.66,3.63,3.59,3.49
MATRA,25.06,25.05,25.04,25.02
MELEE,0.34,0.32,0.31,0.25
MGAZZ,0.21,0.19,0.17,0.1
MIGNA,0.12,0.1,0.08,0.0
MLARE,100.0,100.0,100.0,100.0
MMAUR,0.1,0.06,0.04,0.0
MNINF,2.04,2.0,1.89,1.45
MOBRA,0.33,0.31,0.28,0.22
MONTA,35.37,35.34,35.3,35.22
MONTG,67.94,67.94,67.94,67.9
MOPEN,45.1,45.07,45.03,44.85
MROCC,0.35,0.32,0.27,0.14
MROSS,1.66,1.65,1.61,1.49
MSETT,1.06,1.03,0.93,0.57
MTECA,39.28,39.26,39.24,39.13
MTPOR,28.04,27.97,27.87,27.48
MURIA,3.48,3.44,3.29,2.91
OGNIO,37.28,37.27,37.25,37.22
ONZPO,25.18,25.16,25.15,25.11
ORERO,37.46,37.44,37.42,37.38
OSIGL,100.0,100.0,100.0,100.0
PDVRM,7.21,7.2,7.18,7.12
PFEAR,13.45,13.42,13.38,13.22
PIAMP,0.57,0.54,0.43,0.12
PIGNA,77.13,77.12,77.11,77.08
PIGNO,35.6,35.59,35.56,35.51
PORNA,1.16,1.14,1.12,1.08
PRAIC,40.5,40.49,40.44,40.38
PREMA,0.4,0.38,0.35,0.25
PRMLO,64.31,64.31,64.3,64.28
PRTTI,35.53,35.51,35.49,35.49
PTECO,0.17,0.15,0.13,0.08
PTURC,1.28,1.26,1.2,0.94
PVENE,0.12,0.1,0.08,0.04
PZGLI,35.99,35.97,35.95,35.91
RANZO,0.17,0.15,0.13,0.08
RAPAL,42.95,42.93,42.87,42.78
REPPI,0.22,0.2,0.17,0.12
RICCO,35.94,35.92,35.9,35.87
RIGHI,0.17,0.15,0.13,0.05
ROCNE,0.25,0.23,0.22,0.18
ROSGL,0.52,0.5,0.4,0.14
ROVEG,1.39,1.18,0.9,0.35
SALBE,0.66,0.64,0.61,0.47
SANDA,0.14,0.12,0.11,0.05
SANTU,0.21,0.19,0.17,0.14
SASSL,0.53,0.49,0.39,0.16
SCIAR,34.05,34.03,34.02,33.99
SCURT,34.96,34.92,34.89,34.76
SEBOR,35.7,35.68,35.66,35.59
SEGIA,37.32,37.3,37.28,37.26
SEGOD,0.15,0.12,0.1,0.04
SMARG,42.63,42.6,42.55,42.4
SMVAR,0.11,0.1,0.08,0.0
SPZIA,0.12,0.1,0.08,0.05
SREMO,0.27,0.25,0.22,0.14
SRZAN,2.53,2.52,2.5,2.43
SSGIU,0.17,0.13,0.1,0.03
SSTAV,6.09,5.74,5.54,5.1
STALE,34.28,34.25,34.23,34.17
STILA,24.94,24.93,24.92,24.89
SZIGN,0.38,0.37,0.34,0.22
TAGLT,0.51,0.48,0.46,0.42
TASNI,74.19,74.18,74.18,74.13
TAVRN,0.23,0.22,0.21,0.14
TESTI,0.1,0.08,0.07,0.04
TOGAR,70.64,70.64,70.62,70.6
TRIOR,0.21,0.2,0.19,0.16
TRRIG,6.14,5.72,5.48,5.07
URVAS,40.97,40.94,40.91,40.83
VALIG,16.75,16.74,16.73,16.66
VALZE,39.1,39.08,39.05,39.04
VBGOR,70.74,70.73,70.73,70.69
VERDE,40.08,40.06,40.05,40.04
VERZI,40.3,40.29,40.27,40.25
VICOM,0.25,0.23,0.21,0.09
VIGAN,0.2,0.19,0.16,0.04
VREGI,0.16,0.14,0.11,0.01
XXMIG,0.14,0.13,0.12,0.08
