Code,Code9
AIROL,AIRO9
ROCNE,RONE9
XXMIG,VENT9
BELEN,COBE9
SREMO,SARE9
CNAVA,CONA9
DOLCE,DLCD9
BESTA,BSTG9
IMPER,IMPE9
CASRB,CAST9
MURIA,VLMU9
ALASS,ALSS9
ISBLL,ISOL9
MOBRA,ALBG9
CAIRM,CAIR9
CALGR,CLGR9
MANIE,MANI9
ELLRA,ELLE9
INASV,SVIN9
PIAMP,PLDO9
FIORI,FRNO9
MELEE,MEL29
MADGR,MAGZ9
ISOVE,ISVD9
UNIGE,UNIV9
MIGNA,MGNG9
BUSAL,BSLL9
MTECA,MOCA9
GEPCA,PCA29
CRORE,CROC9
VIGAN,VIG29
BRUGN,BRUG9
ROVEG,ROGN9
LOCOC,LCAR9
CCHER,CCHE9
CHIRI,CHIV9
CABAN,CABA9
PANES,PNSI9
LGIAC,GPIA9
SSTAV,SSAT9
STALE,STAT9
TAVRN,TVNE9
VALIG,VALI9
LEVAN,LNTO9
MATRA,MTRN9
SMVAR,SMVA9
SZIGN,SZGN9
RICCO,RICC9
PDVRM,VPAD9
LFMTV,FOSP9
SPZIA,SPZA9
PVENE,PORT9
CCORM,CCOR9
SRZAN,SRZN9
