# Description: This file contains annual means and annual anomalies for surface air temperature from ERA5 averaged over the global domain (0–360°E, 90°S–90°N) from 1940 to 2025.
# Data source: ERA5 monthly gridded data can be downloaded from https://cds.climate.copernicus.eu/datasets/reanalysis-era5-single-levels-monthly-means
# Method: Details about the method used to estimate temperature anomalies relative to the 1850-1900 preindustrial reference period can be found in this webpage: https://climate.copernicus.eu/climate-bulletin-about-data-and-analysis
# Columns:
#   2t: Annual mean absolute temperature
#   clim_91-20: Annual mean climatology for 1991-2020
#   ano_91-20: Annual mean anomaly relative to 1991-2020
#   offset_pi: Annual mean offset between 1850-1900 and 1991-2020
#   ano_pi: Annual mean anomaly relative to 1850-1900
# Units: deg. C
# Last updated: 04 Jan 2026
year,2t,clim_91-20,ano_91-20,offset_pi,ano_pi
1940,13.6904,14.3757,-0.6853,0.88,0.1947
1941,13.7388,14.3802,-0.6414,0.88,0.2386
1942,13.6489,14.3802,-0.7313,0.88,0.1487
1943,13.6537,14.3802,-0.7266,0.88,0.1534
1944,13.8409,14.3757,-0.5348,0.88,0.3452
1945,13.7071,14.3802,-0.6732,0.88,0.2068
1946,13.7090,14.3802,-0.6712,0.88,0.2088
1947,13.7538,14.3802,-0.6264,0.88,0.2536
1948,13.6886,14.3757,-0.6872,0.88,0.1928
1949,13.7259,14.3802,-0.6544,0.88,0.2256
1950,13.6147,14.3802,-0.7656,0.88,0.1144
1951,13.7484,14.3802,-0.6318,0.88,0.2482
1952,13.7256,14.3757,-0.6501,0.88,0.2299
1953,13.8075,14.3802,-0.5727,0.88,0.3073
1954,13.6103,14.3802,-0.7699,0.88,0.1101
1955,13.5934,14.3802,-0.7868,0.88,0.0932
1956,13.5287,14.3757,-0.8470,0.88,0.0330
1957,13.7821,14.3802,-0.5982,0.88,0.2818
1958,13.8481,14.3802,-0.5322,0.88,0.3478
1959,13.8132,14.3802,-0.5670,0.88,0.3130
1960,13.7630,14.3757,-0.6127,0.88,0.2673
1961,13.8428,14.3802,-0.5374,0.88,0.3426
1962,13.7825,14.3802,-0.5978,0.88,0.2822
1963,13.8195,14.3802,-0.5608,0.88,0.3192
1964,13.6033,14.3757,-0.7724,0.88,0.1076
1965,13.6709,14.3802,-0.7093,0.88,0.1707
1966,13.7482,14.3802,-0.6321,0.88,0.2479
1967,13.7634,14.3802,-0.6168,0.88,0.2632
1968,13.6950,14.3757,-0.6807,0.88,0.1993
1969,13.8312,14.3802,-0.5490,0.88,0.3310
1970,13.8038,14.3802,-0.5764,0.88,0.3036
1971,13.6507,14.3802,-0.7295,0.88,0.1505
1972,13.7820,14.3757,-0.5937,0.88,0.2863
1973,13.8876,14.3802,-0.4926,0.88,0.3874
1974,13.6142,14.3802,-0.7660,0.88,0.1140
1975,13.6372,14.3802,-0.7431,0.88,0.1369
1976,13.5644,14.3757,-0.8113,0.88,0.0687
1977,13.8551,14.3802,-0.5251,0.88,0.3549
1978,13.7960,14.3802,-0.5842,0.88,0.2958
1979,13.9534,14.3802,-0.4268,0.88,0.4532
1980,14.0779,14.3757,-0.2978,0.88,0.5822
1981,14.1163,14.3802,-0.2639,0.88,0.6161
1982,13.9171,14.3802,-0.4631,0.88,0.4169
1983,14.1110,14.3802,-0.2693,0.88,0.6107
1984,13.8953,14.3757,-0.4804,0.88,0.3996
1985,13.8599,14.3802,-0.5204,0.88,0.3596
1986,13.9470,14.3802,-0.4333,0.88,0.4467
1987,14.1028,14.3802,-0.2774,0.88,0.6026
1988,14.1311,14.3757,-0.2446,0.88,0.6354
1989,14.0164,14.3802,-0.3638,0.88,0.5162
1990,14.2492,14.3802,-0.1310,0.88,0.7490
1991,14.1924,14.3802,-0.1879,0.88,0.6921
1992,13.9564,14.3757,-0.4193,0.88,0.4607
1993,14.0069,14.3802,-0.3733,0.88,0.5067
1994,14.0448,14.3802,-0.3354,0.88,0.5446
1995,14.2191,14.3802,-0.1611,0.88,0.7189
1996,14.0863,14.3757,-0.2894,0.88,0.5906
1997,14.2140,14.3802,-0.1663,0.88,0.7137
1998,14.4010,14.3802,0.0207,0.88,0.9007
1999,14.1315,14.3802,-0.2487,0.88,0.6313
2000,14.1225,14.3757,-0.2532,0.88,0.6268
2001,14.2891,14.3802,-0.0911,0.88,0.7889
2002,14.3850,14.3802,0.0048,0.88,0.8848
2003,14.3728,14.3802,-0.0074,0.88,0.8726
2004,14.3047,14.3757,-0.0710,0.88,0.8090
2005,14.4731,14.3802,0.0929,0.88,0.9729
2006,14.4241,14.3802,0.0439,0.88,0.9239
2007,14.4170,14.3802,0.0367,0.88,0.9167
2008,14.2811,14.3757,-0.0947,0.88,0.7853
2009,14.4157,14.3802,0.0354,0.88,0.9154
2010,14.5100,14.3802,0.1298,0.88,1.0098
2011,14.3703,14.3802,-0.0099,0.88,0.8701
2012,14.4160,14.3757,0.0403,0.88,0.9203
2013,14.4475,14.3802,0.0673,0.88,0.9473
2014,14.4882,14.3802,0.1080,0.88,0.9880
2015,14.6367,14.3802,0.2565,0.88,1.1365
2016,14.8142,14.3757,0.4385,0.88,1.3185
2017,14.7236,14.3802,0.3434,0.88,1.2234
2018,14.6445,14.3802,0.2643,0.88,1.1443
2019,14.7803,14.3802,0.4001,0.88,1.2801
2020,14.8068,14.3757,0.4310,0.88,1.3110
2021,14.6556,14.3802,0.2754,0.88,1.1554
2022,14.6821,14.3802,0.3018,0.88,1.1818
2023,14.9830,14.3802,0.6028,0.88,1.4828
2024,15.0951,14.3757,0.7194,0.88,1.5994
2025,14.9716,14.3802,0.5914,0.88,1.4714
